Voltage,Current,Power
25.234221397166582,11.430581338544211,288.4418201951454
25.221014948705417,11.385559355153884,287.1553626957089
25.221014948705424,11.418075232046899,287.975446112898
25.211110112359552,11.39306301905227,287.23176629037835
25.204506888128975,11.373053248656571,286.65219894482215
25.1582843185149,11.430581338544211,287.5738152410059
25.11866497313141,11.363048363458722,285.42460491520876
